{"num_phantom_bedrooms": -28.36154507658902, "buckets": [336.1848618018142, 269.85827465061857, 219.89900321980167, 183.1487226603688, 160.79241626205683, 151.08182327882324, 141.2939416746626, 131.70328223288703, 125.13333155711051, 119.33097023316735, 115.61027514426354, 111.43333179753213, 106.03660619710728, 99.1242877664525, 94.0044676261112, 88.6530810121995, 83.3515438455277, 78.54909301466509], "n": 812, "adjustments": {"1": 1.1889994594511597, "2": 0.9273497458411816, "3": 0.966026987059858, "4": 0.9551451079288299, "5": 1.4484872526462733}}