{"calc_date": "02-04-23", "num_phantom_bedrooms": -14.64539737281287, "buckets": [247.17980476796143, 220.35992917425125, 185.93984181552915, 169.68636388016114, 153.38863935951076, 137.2690819327065, 129.06367708567552, 123.14254216952881, 119.07360412346027, 115.62083962585568, 112.48130851238588, 109.3069016249432, 106.13610059786625, 102.6241231430996, 99.20503371430885, 94.03267296234041, 85.67192235971226], "n": 1475, "adjustments": {"1": 1.1626381740875857, "2": 0.8914577489061737, "3": 0.8865313460882926, "4": 1.0515361575103637, "5": 0.9790247908447918}}