{"num_phantom_bedrooms": -1.0000000000002593, "adjustments": {"1": 1.0}, "buckets": [53692.736367185134, 49328.181044962155, 46122.62817412677, 44196.14887870226, 42916.85880647403, 41831.886839979714, 40581.284715006324, 39402.03300548756, 38461.0688966622, 37675.93393770347, 36997.2195912214, 36330.73093538112, 35572.62103699887, 34690.140926088876, 33736.82911482175, 32623.596870075555, 31214.00099616603], "n": 4943}