{
  "num_phantom_bedrooms": -1,
  "adjustments": { "1": 1.0 },
  "buckets": [ 63310.79425613646, 53953.08982175141, 51196.59533261009, 47532.56662285257, 45191.66629010271, 43692.39590290578, 42630.53228945203, 41552.37566707835, 40455.94854945219, 39484.19157787551, 38646.430606115566, 37866.277525351805, 37162.79310861452, 36339.24758297294, 35376.62890980316, 34414.983611195814, 33288.40678207719, 31571.881545805307 ]
  , "n": 4848}