{"num_phantom_bedrooms": -9.78461061061748, "buckets": [244.88828551391478, 233.61560993206132, 220.47217112541983, 213.31705288844503, 205.9428572460401, 198.4168282964181, 189.87172804899072, 174.5917648504816, 164.047919118524, 156.67187905686606, 151.43679361707265, 144.009765566032, 137.64679403731455, 131.36034571772524, 125.64440917178358, 119.49252613625646, 103.44793457004312], "n": 1814, "adjustments": {"1": 1.1700641283391546, "2": 1.0363330916321336, "3": 0.8442776889381483, "4": 0.8281309266489773, "5": 0.8410727882319115}}