{"calc_date": "02-04-23", "num_phantom_bedrooms": -9.04961137471189, "buckets": [286.6602047087062, 231.9659848760309, 222.90179109277545, 215.0212863022683, 206.00278618309986, 197.96473201620816, 192.0856775913024, 187.87044207504073, 179.2818981402422, 170.47576044449457, 162.28163880187373, 155.44140661728596, 148.4451335274479, 142.83809649799218, 137.1019099586223, 130.31497073655748, 123.18289823824338, 114.6217825940417], "n": 2858, "adjustments": {"1": 1.1762962723909722, "2": 1.020366006725692, "3": 0.8312327244353868, "4": 0.8024414880465536, "5": 0.7915570211911461}}